0.0,574.0635250918
6.328e-05,261.24388440528116
0.00012656,-88.21423232671474
0.00018984,-181.17861254970802
0.00025312,-57.48577361203309
0.0003164,-8.945613907565043
0.00037968,-69.1795366024295
0.00044296000000000006,-59.15026179055773
0.00050624,15.6296750960039
0.00056952,-10.20877944260788
0.0006328,-115.75987509412958
0.0006960800000000001,-113.39903926798596
0.00075936,11.026672158438176
0.00082264,75.79090861654049
0.0008859200000000001,20.712089945204507
0.0009492000000000001,-18.113268901843583
0.00101248,30.11196027374067
0.00107576,69.46100695581008
0.00113904,34.216216598946765
0.00120232,-11.164390315810143
0.0012656,-12.547083942582649
0.0013288800000000002,-4.589006059365702
0.0013921600000000001,-11.160358220342022
0.0014554400000000001,-1.9048839840024963
0.00151872,24.094499388500672
0.001582,24.877807075722252
0.00164528,0.9869440443139933
0.00170856,-4.166475639608763
0.0017718400000000002,9.858844001940177
0.0018351200000000002,5.464497581103617
0.0018984000000000002,-12.44409156180666
0.00196168,-8.837152370426166
0.00202496,5.5274078197585865
0.0020882400000000003,-4.217505857805511
0.00215152,-21.810368282727687
0.0022148000000000003,-9.994211824372057
0.00227808,10.252556798289348
0.0023413600000000002,-5.379583269532015
0.00240464,-36.80009125526456
0.00246792,-30.441964457936873
0.0025312,5.603503801377092
0.00259448,18.070657366974515
0.0026577600000000003,0.17873506192687078
0.00272104,-8.368875067513507
0.0027843200000000003,3.8405148546049976
0.0028476,12.735420395243585
0.0029108800000000002,11.275950922630205
0.00297416,11.404816976887503
0.00303744,10.305658645954745
0.0031007200000000004,2.937950474366535
0.003164,5.757289322366218
0.0032272800000000003,25.388194642309774
0.00329056,32.53143855704936
0.0033538400000000003,7.8430792146050825
0.00341712,-19.25855623285638
0.0034804000000000002,-17.700229461717203
0.0035436800000000004,-4.949398967078141
0.00360696,-9.846350581338736
0.0036702400000000004,-21.60934314228703
0.00373352,-16.8518548746047
0.0037968000000000003,-3.6780302512302647
0.00386008,-0.21411388167507384
0.00392336,-0.5457667625569745
0.0039866400000000005,4.0658055705223015
0.00404992,1.592087527837722
0.0041132,-12.974836530231691
0.004176480000000001,-18.45096997831152
0.00423976,-3.3150667277795645
0.00430304,11.527051648219562
0.00436632,9.665408574313446
0.0044296000000000006,5.603718584296078
0.00449288,12.674956557514541
0.00455616,18.38104217421782
0.004619440000000001,11.981212062329762
0.0046827200000000005,4.075583526915003
0.004746,1.6162745530144411
0.00480928,-4.286711424333189
0.004872560000000001,-12.336535638865213
0.00493584,-6.759389181686575
0.00499912,9.58703642093129
0.0050624,12.712366315899633
0.0051256800000000005,-1.7106546128871165
0.00518896,-10.230286795903723
0.00525224,-3.296973076869173
0.005315520000000001,0.6085923327238587
0.0053788,-8.360249281177845
0.00544208,-15.23418865823292
0.00550536,-9.96858130287724
0.005568640000000001,-1.8866001244282598
0.00563192,2.626325482921875
0.0056952,7.846964981134725
0.005758480000000001,10.657438000343621
0.0058217600000000005,2.983860128228307
0.00588504,-7.22078627606996
0.00594832,-5.187491970561163
0.006011600000000001,3.0815004771886376
0.00607488,0.6882398408813237
0.00613816,-7.878892785837794
0.006201440000000001,-4.321917401421095
0.0062647200000000005,9.083908450196773
0.006328,13.25146460090456
0.00639128,5.680767332491926
0.006454560000000001,0.8563687612505089
0.0065178400000000004,2.1739499771988586
0.00658112,0.9998496035052905
0.006644400000000001,-1.821890790396364
0.006707680000000001,0.8255061948372501
0.00677096,4.3086512950799465
0.00683424,0.8304894198037724
0.006897520000000001,-2.874803110398628
0.0069608000000000005,1.506862188859459
0.00702408,4.779027036515655
0.007087360000000001,-3.6630148691721294
0.007150640000000001,-13.636823476219304
0.00721392,-10.740914529176235
0.0072772,-1.8390953163213946
0.007340480000000001,-1.5405444606443863
0.0074037600000000005,-6.407550177932051
0.00746704,-4.532162031866038
0.00753032,1.72476539192157
0.007593600000000001,3.007955634614274
0.0076568800000000005,1.0732592108164953
0.00772016,1.8801491176582612
0.007783440000000001,2.8862473019978965
0.00784672,1.989705130854446
0.00791,5.08885564169941
0.007973280000000001,12.062043781491369
0.00803656,11.549748749627756
0.00809984,1.3332772431872781
0.008163120000000001,-4.511607177577087
0.0082264,-0.0026789109253033683
0.00828968,1.6376469819895207
0.008352960000000001,-6.906050538208041
0.00841624,-12.318496932451048
0.00847952,-4.371348876065791
0.0085428,6.163655816953757
0.00860608,6.999217242408764
0.008669360000000001,2.8895010949605915
0.00873264,1.9956824303708656
0.00879592,1.2586416122078263
0.008859200000000001,-3.1329790556240575
0.00892248,-6.62068256058261
0.00898576,-6.737642692132793
0.009049040000000001,-7.713136012689729
0.00911232,-8.76530355035937
0.0091756,-3.539214456616529
0.009238880000000001,5.129180155067758
0.00930216,6.730549557914799
0.009365440000000001,1.593109819555149
0.00942872,0.32680518733775443
0.009492,3.976076302192704
0.009555280000000001,3.4243421675573913
0.00961856,-1.255449527457599
0.00968184,-0.49076754184998994
0.009745120000000001,5.5663067291818535
0.0098084,7.054302750278545
0.00987168,3.487763691197235
0.009934960000000001,3.528603164547813
0.00999824,6.413578190492916
0.010061520000000001,2.9362189782958263
0.0101248,-5.75894340801159
0.01018808,-9.05595898111948
0.010251360000000001,-5.623588974155281
0.01031464,-3.790072537893437
0.01037792,-4.9547240790251985
0.010441200000000001,-3.3013522991534687
0.01050448,0.4812378705121529
0.01056776,0.9194849377461766
0.010631040000000001,-0.2859659889479328
0.01069432,1.4621676642375268
0.0107576,2.5285137707934444
0.010820880000000001,-1.7839182105162341
0.01088416,-5.552607502443908
0.010947440000000001,-1.7911405946593266
0.01101072,3.838458031959723
0.011074,2.8195208159174414
0.011137280000000001,-0.98255277767341
0.01120056,0.2955795520258506
0.01126384,3.6980880299445484
0.011327120000000001,2.6961302689326265
0.0113904,0.28147871333084984
0.01145368,1.7033044745682937
0.011516960000000001,3.2976965515592225
0.01158024,0.816387751360919
0.011643520000000001,-0.8136340589231535
0.011706800000000002,2.449292672080868
0.01177008,4.335964760709591
0.011833360000000001,-0.11808981655259443
0.01189664,-4.39414745221213
0.01195992,-2.402309389519499
0.012023200000000001,0.6224977383381389
0.01208648,-0.964932235421706
0.01214976,-2.9083386065458643
0.012213040000000001,-1.0218888190547082
0.01227632,0.14736312676306024
0.012339600000000001,-2.651962981069792
0.012402880000000002,-4.309852867327387
0.01246616,-2.1097968987376996
0.012529440000000001,-1.6810571254594509
0.01259272,-5.228786316699721
0.012656,-5.977917454686393
0.012719280000000001,-0.754860081797874
0.01278256,4.007046520053774
0.01284584,4.353279006335674
0.012909120000000001,4.750093396964803
0.0129724,7.402752963779177
0.013035680000000001,7.92893886618287
0.013098960000000002,5.371245585269958
0.01316224,4.2414821783096786
0.013225520000000001,4.105999766306772
0.013288800000000002,-0.16645823563456025
0.01335208,-6.356234900155704
0.013415360000000001,-6.558922028247048
0.01347864,-1.7981127016400376
0.01354192,-0.998877243442844
0.013605200000000001,-4.780845724364557
0.01366848,-4.703586559907842
0.01373176,0.6537759504015247
0.013795040000000001,3.3389600455479913
0.01385832,0.6703315005930812
0.013921600000000001,-1.5570266177171095
0.013984880000000002,-1.2089227067120505
0.01404816,-2.1497613345132356
0.014111440000000001,-4.246998843618064
0.014174720000000002,-3.253668117474692
0.014238,-0.21581771977233632
0.014301280000000001,0.2938201215785966
0.01436456,-0.2797606357925176
0.01442784,2.50924854512286
0.014491120000000001,6.322247917726537
0.0145544,5.868373891797094
0.014617680000000001,2.8937489074136047
0.014680960000000002,2.119675401076994
0.01474424,1.8878421468573343
0.014807520000000001,-1.0442664243994926
0.014870800000000002,-3.083596555462641
0.01493408,-0.450430043041013
0.014997360000000001,2.127873308115866
0.01506064,-0.30227463190743126
0.01512392,-2.943873909789467
0.015187200000000001,-0.07772645047995286
0.01525048,3.534379342673435
0.015313760000000001,0.9773994942198867
0.015377040000000002,-4.252282403708136
0.01544032,-4.809789104582362
0.015503600000000001,-1.8886627716484576
0.015566880000000002,-0.9014246967563813
0.01563016,-1.3342598216149761
0.01569344,-0.23301758403565898
0.015756720000000002,0.6533418774611255
0.01582,-0.5555296470644127
0.01588328,-0.845345674693705
0.015946560000000002,1.1660488370507887
0.01600984,1.121470033221465
0.01607312,-2.4898729763131144
0.016136400000000002,-3.9067151980003008
0.01619968,-0.033787287026532
0.01626296,3.912647484694252
0.016326240000000002,3.9817371235418406
0.01638952,3.5629557679883126
0.0164528,5.0625471514399365
0.016516080000000002,5.048646377635729
0.01657936,2.1991496601283256
0.01664264,0.4568939082979501
0.016705920000000003,0.4453301503434438
0.0167692,-2.245004642562128
0.01683248,-7.014740001885336
0.016895760000000003,-7.18081062374937
0.01695904,-2.023683376486968
0.01702232,1.0251983039682693
0.0170856,-0.7693934675167038
0.017148880000000002,-1.434140875593028
0.01721216,1.9221476877820587
0.01727544,4.2028858384478625
0.017338720000000002,2.2571394101647275
0.017402,-0.4440364639741866
0.01746528,-1.615051736312349
0.017528560000000002,-3.1719792342985627
0.01759184,-4.794514428254932
0.01765512,-3.5617336688768546
0.017718400000000002,-0.7614755543003766
0.01778168,-0.3089060482505578
0.01784496,-0.7855269746657605
0.017908240000000002,2.084655012924769
0.01797152,6.4072714797701895
0.0180348,6.789588529957544
0.018098080000000002,4.103130136994477
0.01816136,3.234083719054087
0.01822464,3.5524765441444277
0.018287920000000003,1.1250442075645921
0.0183512,-2.4097099951169847
0.01841448,-2.7527362554132635
0.018477760000000003,-1.6380880754239135
0.01854104,-3.2308305437069635
0.01860432,-5.328973539215413
0.0186676,-3.465761585194625
0.018730880000000002,-0.008070420917358767
0.01879416,0.02806190529830621
0.01885744,-1.7213800546937397
0.018920720000000002,-0.7357904182387384
0.018984,1.5511549975832588
0.01904728,1.2477626823881287
0.019110560000000002,-0.10314637135528693
0.01917384,0.72120811150224
0.01923712,1.6731210694867171
0.019300400000000002,-0.09004615047309394
0.01936368,-1.804803529233993
0.01942696,-0.3827757504177668
0.019490240000000002,1.2780260513018384
0.01955352,0.009930335106236532
0.0196168,-1.3317655742548604
0.019680080000000003,0.37330349307466504
0.01974336,2.476540297764671
0.01980664,2.1191200640118826
0.019869920000000003,1.5104811947492203
0.0199332,2.4085635552349096
0.01999648,2.0962275817756684
0.020059760000000003,-0.3710452233039039
0.020123040000000002,-1.1551534804077357
0.02018632,0.7834813030215547
0.0202496,0.8636848103380924
0.020312880000000002,-2.3158752463961023
0.02037616,-3.6580773169596905
0.02043944,-1.0416460488064234
0.020502720000000002,0.5100281741044779
0.020566,-1.8092265355822956
0.02062928,-3.687291423642267
0.020692560000000002,-2.1600864231435426
0.02075584,-0.5286987759338442
0.02081912,-1.022618337329218
0.020882400000000002,-0.7419391062231829
0.02094568,1.616201741805149
0.02100896,2.8179276873997154
0.021072240000000002,1.7609980742663525
0.02113552,1.5406298587466516
0.0211988,2.7356968444730687
0.021262080000000003,2.10970181010149
0.02132536,-0.5376453090209578
0.02138864,-1.634530291505043
0.021451920000000003,-0.6910088376894217
0.0215152,-0.5460445379870988
0.02157848,-0.8909653898971518
0.021641760000000003,0.8831535245194703
0.021705040000000002,3.1658738733717007
0.02176832,2.3140586251872173
0.021831600000000003,0.04997695245146294
0.021894880000000002,0.5877705595604115
0.02195816,2.1855252590954217
0.02202144,0.0811352209061762
0.022084720000000002,-4.111973197948306
0.022148,-4.756603472176136
0.02221128,-2.092081269671384
0.022274560000000002,-1.0904453437625377
0.02233784,-2.237730486429561
0.02240112,-1.8915603207824465
0.022464400000000002,-0.017521747133775356
0.02252768,0.4389887693951461
0.02259096,-0.014458123675330392
0.022654240000000003,1.0210372608625922
0.02271752,2.182885911918424
0.0227808,1.0937866633605648
0.022844080000000003,-0.12671202791821556
0.02290736,1.4080452945711575
0.02297064,3.4686993028891986
0.023033920000000003,2.720895539450021
0.023097200000000002,0.8118418150580855
0.02316048,0.6237167348454407
0.023223760000000003,0.736219588934765
0.023287040000000002,-0.8190837369206713
0.02335032,-2.000874747098722
0.023413600000000003,-1.1976801243087583
0.023476880000000002,-1.0245586746879798
0.02354016,-2.7429881675481207
0.02360344,-2.6929364717242055
0.023666720000000002,0.8019142214014541
0.02373,3.2223819379767757
0.02379328,1.5188568584793882
0.023856560000000002,-0.48701110032270445
0.02391984,0.6399414821949811
0.02398312,1.8646578944344046
0.024046400000000002,-0.09096264462698656
0.02410968,-2.8077832420766855
0.02417296,-3.2985435625228456
0.024236240000000003,-2.9934318490809537
0.02429952,-3.2971658311254943
0.0243628,-2.2016578856234026
0.024426080000000003,0.8590238759537855
0.02448936,2.748014731130042
0.02455264,2.3966300885309684
0.024615920000000003,2.7884266952601346
0.024679200000000002,4.665579334593442
0.02474248,4.611608477383849
0.024805760000000003,1.583922019508253
0.024869040000000002,-1.0588080070968509
0.02493232,-1.7507781302650676
0.024995600000000003,-2.485622388108223
0.025058880000000002,-3.3407655404522716
0.02512216,-1.996166075449036
0.02518544,0.6056870640344519
0.025248720000000002,1.0410626037788873
0.025312,0.06712727001022678
0.02537528,1.3546705236162153
0.025438560000000002,3.786742088207145
0.02550184,2.6563420723482998
0.02556512,-1.6286449521572612
0.025628400000000003,-3.803457458489881
0.02569168,-2.620441782041995
0.02575496,-1.8935472643568425
0.025818240000000003,-2.845966636861749
0.02588152,-2.7715188668788757
0.0259448,-1.1318710009661697
0.026008080000000003,-0.12027548513623337
0.026071360000000002,0.35853458506729097
0.02613464,1.954849591284642
0.026197920000000003,3.2888295172789075
0.026261200000000002,2.1771413885735598
0.02632448,0.6585949118524385
0.026387760000000003,1.7928197935646564
0.026451040000000002,3.7184587285183484
0.02651432,2.872747654812538
0.026577600000000003,0.457245204068775
0.026640880000000002,-0.24774649791128422
0.02670416,-0.029027193725150224
0.02676744,-1.3364298060463295
0.026830720000000002,-2.9487618240285265
0.026894,-2.701259305452577
0.02695728,-2.0856901631815763
0.027020560000000002,-2.7818382996752624
0.02708384,-2.489506039873163
0.02714712,0.5612104039093375
0.027210400000000003,3.1893624484160705
0.02727368,2.491516660053567
0.02733696,1.000820242227307
0.027400240000000003,1.6245724353881776
0.02746352,2.1877461195813783
0.0275268,0.030020558864014446
0.027590080000000003,-2.728600645546587
0.027653360000000002,-3.3430288763595457
0.02771664,-3.1353159345750456
0.027779920000000003,-3.623540836056789
0.027843200000000002,-2.8532935985746297
0.02790648,0.263206602907975
0.027969760000000003,2.872993743338396
0.028033040000000002,3.1872736238067496
0.02809632,3.5416174262052986
0.028159600000000003,5.197510521850659
0.028222880000000002,5.397370326525774
0.02828616,2.661571693655054
0.028349440000000004,-0.30347115938772506
0.028412720000000002,-1.6425951893970705
0.028476,-2.922443253408561
0.02853928,-4.559556539999356
0.028602560000000003,-4.333449574111046
0.02866584,-2.263325506496504
0.02872912,-1.206623362014028
0.028792400000000003,-1.2454864878816814
0.02885568,0.5112951183512716
0.02891896,3.584704164602627
0.028982240000000003,4.019296110478961
0.029045520000000002,1.4962020483371652
0.0291088,-0.014384791899493155
0.029172080000000003,0.5147125095643295
0.029235360000000002,-0.08699925436140735
0.02929864,-2.5188110033018227
0.029361920000000003,-3.692421655896994
0.029425200000000002,-2.7634941911127977
0.02948848,-2.16113502776792
0.029551760000000003,-2.167222871991683
0.029615040000000002,-0.5551340607974375
0.02967832,2.2397152418173274
0.029741600000000003,3.440834382975023
0.029804880000000002,3.1730510171614723
0.02986816,3.794858576554864
0.029931440000000004,4.746873161002518
0.029994720000000002,3.575345343461949
0.030058,0.9695661867881953
0.03012128,-0.5646301592525047
0.030184560000000003,-1.4761280328839343
0.03024784,-3.4062212799595053
0.03031112,-4.7911643971370435
0.030374400000000003,-3.515114321479947
0.03043768,-1.5015297008040276
0.03050096,-1.3996634672111985
0.030564240000000003,-1.5120243401359543
0.030627520000000002,0.672704196209402
0.0306908,3.0304980073955776
0.030754080000000003,2.35322870245628
0.030817360000000002,0.1879085926669144
0.03088064,-0.24600284381662407
0.030943920000000003,0.23514460883813282
0.031007200000000002,-0.6612676682590171
0.03107048,-1.7520679464883702
0.031133760000000003,-1.0021548294668585
0.031197040000000002,0.20252964960400144
0.03126032,0.037363190031926785
0.0313236,0.04022964444800092
0.03138688,1.678010159325499
0.031450160000000005,2.8237088826348655
0.031513440000000004,1.6643315584018545
0.03157672,0.2645519904490963
0.03164,0.5588978076189683
0.03170328,0.8480123442808232
0.03176656,-0.36217473709919196
0.031829840000000005,-1.3077343049379768
0.031893120000000004,-0.7899224244487345
0.0319564,-0.5787976322471436
0.03201968,-1.3281799812626836
0.03208296,-0.849444448880977
0.03214624,1.1503505401198744
0.032209520000000005,1.6727396064107145
0.032272800000000004,-0.0334554607674058
0.03233608,-0.8400392992465663
0.03239936,0.32257367362408007
0.03246264,0.4297734110800524
0.03252592,-1.736281522078876
0.0325892,-3.2368265440125747
0.032652480000000005,-2.4700883338166246
0.03271576,-1.5487663405250633
0.03277904,-1.4914763838006024
0.03284232,-0.4584647273376645
0.0329056,1.7476503612043426
0.03296888,2.7416379264803954
0.033032160000000005,2.271463859797482
0.033095440000000004,2.6671789121606184
0.03315872,3.851499456633854
0.033222,3.1716624519127796
0.03328528,0.6669956565820969
0.03334856,-0.7470841309391693
0.033411840000000005,-0.5532196463574248
0.033475120000000004,-0.957930891838007
0.0335384,-2.121883407236588
0.03360168,-2.1493690736766946
0.03366496,-1.3388587957590232
0.03372824,-1.4572383145435082
0.033791520000000005,-1.6803178118790505
0.033854800000000004,-0.20362652873950426
0.03391808,1.4533822212266971
0.03398136,0.7943316307792283
0.03404464,-0.7004809126529674
0.03410792,-0.11844967123647271
0.0341712,1.330083149896923
0.034234480000000005,0.5811291382646722
0.034297760000000004,-1.4857556097699947
0.03436104,-1.8125978656516373
0.03442432,-0.6969902543812339
0.0344876,-0.44228343927239605
0.03455088,-0.5918302424773647
0.034614160000000005,0.5738888885578605
0.034677440000000004,1.9823346720193737
0.03474072,1.8194211433817764
0.034804,1.2525354126224513
0.03486728,1.8575083322746555
0.03493056,2.063706656809404
0.034993840000000005,0.24494018154351715
0.035057120000000004,-1.6373605460658647
0.0351204,-1.3966467299586485
0.03518368,-0.4497226993746196
0.03524696,-0.635959566626116
0.03531024,-0.67369541088688
0.035373520000000006,0.7052190519217308
0.035436800000000004,1.7318074912054435
0.03550008,1.0303307108404647
0.03556336,0.3000046033566177
0.03562664,0.5745611543645373
0.03568992,-0.12752470018351733
0.0357532,-2.5901498426840495
0.035816480000000005,-4.143254479461895
0.035879760000000004,-3.326692197121121
0.03594304,-2.3886001814813027
0.03600632,-2.6319692034726843
0.0360696,-1.8982968314289108
0.03613288,0.8792857895258877
0.036196160000000005,3.2909112566265732
0.036259440000000004,3.897130527536024
0.03632272,4.408210535977907
0.036386,5.4214403351761575
0.03644928,4.744318334085957
0.03651256,1.8509160257940036
0.036575840000000005,-0.6683610787304843
0.036639120000000004,-1.700129083305556
0.0367024,-3.008157341650045
0.03676568,-4.821599211892848
0.03682896,-4.800851471821772
0.03689224,-2.514848580727503
0.036955520000000006,-0.3347041268313405
0.037018800000000004,0.8802394641583465
0.03708208,2.43418786285352
0.03714536,3.8682274244349717
0.03720864,3.1204744429027778
0.03727192,0.7174866592852187
0.0373352,-0.8231923138043181
0.037398480000000005,-1.4931920726289751
0.037461760000000004,-3.0514844474489538
0.03752504,-4.521690247087396
0.03758832,-3.3729922497226212
0.0376516,-0.4257911502904749
0.03771488,1.3195836100128329
0.037778160000000005,1.7976725731569148
0.037841440000000004,2.9894065955802835
0.03790472,4.17714628900528
0.037968,3.079156171243717
0.03803128,0.5214377113489045
0.03809456,-0.8338266697082537
0.038157840000000005,-1.1262715974054065
0.038221120000000004,-2.1219056830353944
0.0382844,-3.0067467544099316
0.03834768,-1.8575193381720765
0.03841096,0.34666757882789223
0.03847424,1.40702470079
0.038537520000000006,1.7440026170505474
0.038600800000000005,2.663882208224622
0.03866408,3.0402048319142945
0.03872736,1.5284969279673715
0.03879064,-0.35984073642286174
0.03885392,-0.9800941129576395
0.0389172,-1.603516771384029
0.038980480000000005,-3.363047157087254
0.039043760000000004,-4.285180713293014
0.03910704,-2.7782593883970943
0.03917032,-0.8077055605649475
0.0392336,-0.30225091465624015
0.03929688,0.15839321291455877
0.039360160000000005,1.911649397204826
0.039423440000000004,3.126484476939299
0.03948672,2.2764120699454926
0.03955,1.0425230346241776
0.03961328,0.8527936166738128
0.03967656,0.2915060179871617
0.039739840000000005,-1.3615907764962585
0.039803120000000004,-1.9616918177369354
0.0398664,-0.46479278560017534
0.03992968,0.885018044889309
0.03999296,0.6903248244856708
0.04005624,0.7088825138368615
0.040119520000000006,1.907586342302917
0.040182800000000005,2.335040685276847
0.040246080000000004,0.9510111179938217
0.04030936,-0.445405428828959
0.04037264,-0.8161416467338543
0.04043592,-1.4132868196513821
0.0404992,-2.4134832327316573
0.040562480000000005,-2.161982126560206
0.040625760000000004,-0.8129099336913672
0.04068904,-0.525761419888415
0.04075232,-1.3007406989653365
0.0408156,-0.9152539288535966
0.04087888,0.5727903263729208
0.040942160000000005,0.7627377703333923
0.041005440000000004,-0.39019262590820936
0.04106872,-0.41855172076559644
0.041132,0.9557592356066544
0.04119528,1.537303909863947
0.04125856,1.0512238672991852
0.041321840000000006,1.2732142267215878
0.041385120000000004,1.9859645602536178
0.0414484,1.3378115633604237
0.04151168,-0.13664117387853736
0.04157496,-0.303386475569081
0.04163824,0.36007116114935167
0.041701520000000006,-0.27789636072583945
0.041764800000000005,-1.660462487618371
0.041828080000000004,-1.5240465122979918
0.04189136,-0.2682197060198771
0.04195464,-0.08521394986911135
0.04201792,-0.8047928807051105
0.042081200000000006,-0.6708977331271178
0.042144480000000005,0.024844838582115947
0.042207760000000004,-0.04961140596283942
0.04227104,-0.18513055799745404
0.04233432,0.7599011956409549
0.0423976,1.5232120912700984
0.04246088,0.7369773909340895
0.042524160000000005,-0.12561291769051813
0.042587440000000004,0.4614659578690674
0.04265072,0.8710071733296447
0.042714,-0.6261978408715935
0.04277728,-2.3329096873295834
0.04284056,-2.128556356700474
0.042903840000000006,-1.174181723395196
0.042967120000000004,-1.2256749140114906
0.0430304,-1.1988834681832703
0.04309368,0.25562394783237485
0.04315696,1.7445770423643552
0.04322024,1.865394907266841
0.043283520000000006,1.9007745015768418
0.043346800000000005,2.8645719913464274
0.043410080000000004,3.0676247071121576
0.04347336,1.4078863919461249
0.04353664,-0.20764486063957982
0.04359992,-0.32055721981993945
0.043663200000000006,-0.4295923155574625
0.043726480000000005,-1.6789301860813048
0.043789760000000004,-2.521508183178585
0.04385304,-1.889022923257433
0.04391632,-1.2014504011593736
0.0439796,-1.2878729386440555
0.04404288,-0.8597571708210705
0.044106160000000005,0.33032571273885186
0.044169440000000004,0.5191657120170621
0.04423272,-0.5017278480413123
0.044296,-0.6758568407981732
0.04435928,0.3468912172458481
0.04442256,0.5121722233999998
0.044485840000000006,-0.45813404106067473
0.044549120000000005,-0.3540217033599283
0.0446124,1.227265049511363
0.04467568,2.0793867935625707
0.04473896,1.5750314619268209
0.04480224,1.4553046646927006
0.044865520000000006,1.928056780618879
0.044928800000000005,1.2222527891764057
0.044992080000000004,-0.5642780629240756
0.04505536,-1.3516186283199958
0.04511864,-1.024673934725317
0.04518192,-1.4001557750854017
0.045245200000000006,-2.3000876583246304
0.045308480000000005,-1.7775333625881737
0.045371760000000004,-0.07431150762797278
0.04543504,0.6885712380624435
0.04549832,0.4170675948811865
0.0455616,0.7436209637341094
0.04562488,1.452814079361557
0.045688160000000005,1.0453500382255745
0.045751440000000004,0.03523048936318651
0.04581472,-0.03798665658919659
0.045878,0.19882325598988015
0.04594128,-0.6554382375896992
0.04600456,-1.6103970106606722
0.046067840000000006,-1.0860513788133281
0.046131120000000005,-0.19847383966614818
0.046194400000000004,-0.675787750455912
0.04625768,-1.3928175586632143
0.04632096,-0.5553461150215651
0.04638424,0.7346575756699993
0.046447520000000006,0.6593368024576167
0.046510800000000005,0.22225101468574193
0.046574080000000004,1.0817234715901025
0.04663736,2.138909637645895
0.04670064,1.7326851949537247
0.04676392,0.8989779726528755
0.046827200000000006,1.1487773695574999
0.046890480000000005,1.4167258209224274
0.046953760000000004,0.3444333021576661
0.04701704,-0.8977876685817412
0.04708032,-0.9747248951023961
0.0471436,-0.9544540482901621
0.04720688,-1.8499270774589232
0.047270160000000006,-2.364575652245589
0.047333440000000004,-1.5517206049955097
0.04739672,-0.8142793880530441
0.04746,-1.0171575157161223
0.04752328,-0.6964141932474668
0.04758656,0.8028452072899933
0.047649840000000006,1.6737824961242822
0.047713120000000005,1.0350312162783473
0.047776400000000004,0.5797911323877838
0.04783968,1.120838603802853
0.04790296,1.0291775661370517
0.04796624,-0.2877649624203768
0.048029520000000006,-0.9963878927117277
0.048092800000000005,-0.3894671143934092
0.048156080000000004,-0.13852021955136662
0.04821936,-0.7249710756883642
0.04828264,-0.413786664168088
0.04834592,1.0637248159333914
0.048409200000000006,1.6538267298937486
0.048472480000000005,0.8416149753488458
0.048535760000000004,0.537442111358839
0.04859904,1.2405576468728827
0.04866232,1.1532938574571547
0.0487256,-0.142988154712425
0.04878888,-0.9041809811609414
0.048852160000000006,-0.6755731223748734
0.048915440000000004,-0.8686532464653267
0.04897872,-1.5943247830674896
0.049042,-1.5133578120457245
0.04910528,-0.8578896481263075
0.04916856,-1.0415880986382677
0.049231840000000006,-1.5439705353654487
0.049295120000000005,-0.7569180791650657
0.049358400000000004,0.6340238780503252
0.04942168,0.7425644069724069
0.04948496,0.14070256225786015
0.04954824,0.7292938224693266
0.049611520000000006,1.938102067082957
0.049674800000000005,1.8030648685337536
0.049738080000000004,0.7529808667276408
0.04980136,0.6017661898497929
0.04986464,0.9569443346013967
0.04992792,0.2835169524431632
0.049991200000000006,-0.7683673649207237
0.050054480000000005,-0.6572408512224852
0.050117760000000004,-0.12141047638799607
0.05018104,-0.6305216281753478
0.05024432,-1.2832152041144362
0.0503076,-0.5704204866767835
0.05037088,0.5287085440636828
0.050434160000000006,0.41509761065658257
0.050497440000000005,-0.07770747266848493
0.05056072,0.43642008275950916
0.050624,1.0275715640517842
0.05068728,0.3969486176465157
0.05075056,-0.4906852025162075
0.050813840000000006,-0.4716650067301439
0.050877120000000005,-0.5298201539383446
0.050940400000000004,-1.5042566736022382
0.05100368,-2.000284874716718
0.05106696,-1.04474451880197
0.05113024,-0.13304560330564824
0.051193520000000006,-0.3274073537904507
0.051256800000000005,-0.1932635066415916
0.051320080000000004,1.1747671213139366
0.05138336,2.110411561053997
0.05144664,1.4941993336237562
0.05150992,0.8168678786441392
0.05157320000000001,1.1302153480383574
0.051636480000000005,1.107617276493936
0.051699760000000004,0.008484642654915886
0.05176304,-0.6555937077871566
0.05182632,-0.144296948932093
0.0518896,0.06362696852450114
0.05195288,-0.6406141036022092
0.052016160000000006,-0.757913570308307
0.052079440000000005,0.1531399208683727
0.052142720000000004,0.44055513832216986
0.052206,-0.3671144759870406
0.05226928,-0.6510696522303615
0.05233256,-0.011571672492913021
0.052395840000000006,-0.03770677234774222
0.052459120000000005,-1.0028890124531942
0.052522400000000004,-1.2710654672667188
0.05258568,-0.5955155125776743
0.05264896,-0.5246578797544846
0.05271224,-1.1198358299337543
0.052775520000000006,-0.7713221181560199
0.052838800000000005,0.49453086102770677
0.052902080000000004,1.0109570888984811
0.05296536,0.7695935863611706
0.05302864,1.2405933457835567
0.05309192,2.1212074461489694
0.05315520000000001,1.7805743471930748
0.053218480000000006,0.5645983118508112
0.053281760000000004,0.1660799084453698
0.05334504,0.2886114448362399
0.05340832,-0.5644898449601317
0.0534716,-1.7570707759886361
0.05353488,-1.5143369403847513
0.053598160000000006,-0.36455874881984573
0.053661440000000005,-0.1103820269466455
0.053724720000000004,-0.3892433700167359
0.053788,0.31530130696076425
0.05385128,1.3935234720385705
0.05391456,1.2202132002140118
0.053977840000000006,0.30567416854892904
0.054041120000000005,0.11491481298469436
0.054104400000000004,0.13143848705186179
0.05416768,-0.8156332864457573
0.05423096,-1.8584512589609479
0.05429424,-1.690653298063956
0.054357520000000006,-1.1456859005019588
0.054420800000000005,-1.3799591619764813
0.054484080000000004,-1.4118382649191514
0.05454736,-0.167045273427602
0.05461064,1.1385053286823568
0.05467392,1.255975455403032
0.05473720000000001,1.2568002572744703
0.054800480000000006,2.148672014439426
0.054863760000000004,2.6187973750254727
0.05492704,1.5948496574024562
0.05499032,0.4741043162833323
0.0550536,0.4490313667228401
0.05511688,0.2914917732957815
0.055180160000000006,-0.9551525921913622
0.055243440000000005,-1.8630239571002547
0.055306720000000004,-1.3613292411656888
0.05537,-0.7763773296450279
0.05543328,-1.1207064467464392
0.05549656,-1.1964184770697166
0.055559840000000006,-0.24049183476054392
0.055623120000000005,0.44545037941665044
0.055686400000000004,0.1680698396662451
0.05574968,0.194041021909955
0.05581296,0.9853606115598934
0.05587624,1.1099547813099306
0.055939520000000006,0.16318782815377864
0.056002800000000005,-0.32463614325100254
0.056066080000000004,0.04787792187918638
0.05612936,-0.2226167677185672
0.05619264,-1.3717117506634988
0.05625592,-1.6917939678948404
0.05631920000000001,-0.7799855888592707
0.056382480000000006,-0.17696273865945594
0.056445760000000005,-0.20193038740644698
0.05650904,0.510003863966518
0.05657232,1.9042797564204634
0.0566356,2.313219468024881
0.05669888000000001,1.6332995061679783
0.056762160000000006,1.3662171701312478
0.056825440000000005,1.450171124665967
0.056888720000000004,0.44044877518948244
0.056952,-1.261101910193095
0.05701528,-1.784490442284191
0.05707856,-1.1870340731467592
0.057141840000000006,-1.1167346562391263
0.057205120000000005,-1.489127405261119
0.057268400000000004,-0.8617064239957174
0.05733168,0.402567696288623
0.05739496,0.6740066147475842
0.05745824,0.1376382671548234
0.05752152000000001,0.1578142659408609
0.057584800000000005,0.3989427127637739
0.057648080000000004,-0.30626170225051386
0.05771136,-1.2350296595572479
0.05777464,-0.9776216363901806
0.05783792,-0.1890036062249243
0.05790120000000001,-0.20455822666969758
0.057964480000000006,-0.3122003418869456
0.058027760000000005,0.6939753312238592
0.058091040000000004,1.821851356579875
0.05815432,1.6195898692665778
0.0582176,0.9086783755428611
0.05828088000000001,1.0065341402823322
0.058344160000000006,1.0820822179668745
0.058407440000000005,0.009518337918362096
0.058470720000000004,-1.1174279602036032
0.058534,-0.9819954309654084
0.05859728,-0.5079964319107528
0.05866056,-0.8254430791337497
0.058723840000000006,-0.9623897418557275
0.058787120000000005,0.02672927751751175
0.058850400000000004,0.9154882973856873
0.05891368,0.5800721585926869
0.05897696,0.07045709637133374
0.05904024,0.3101134061390656
0.05910352000000001,0.2220698737083196
0.059166800000000005,-0.8718357596820169
0.059230080000000004,-1.5857401250535577
0.05929336,-1.0615101370210265
0.05935664,-0.563104493168443
0.05941992,-0.8174752981975014
0.05948320000000001,-0.5623057329858965
0.059546480000000006,0.7082480489557461
0.059609760000000005,1.4478225754585576
0.059673040000000004,0.9499545413349343
0.05973632,0.6119432312369922
0.0597996,1.0475318628351638
0.05986288000000001,0.9447068411449844
0.059926160000000006,-0.06911851031555338
0.059989440000000005,-0.4931326654817575
0.060052720000000004,0.10792524774499246
0.060116,0.29610348802236053
0.06017928,-0.2899893201314856
0.06024256,-0.2811712388239284
0.060305840000000006,0.4819704148771313
0.060369120000000005,0.5055420330665238
0.060432400000000004,-0.3532265924727653
0.06049568,-0.5825413094022224
0.06055896,-0.0460615631767296
0.06062224,-0.16292792819890925
0.06068552000000001,-0.9108465643588793
0.060748800000000006,-0.8299604386938345
0.060812080000000004,-0.023620028158023998
0.06087536,0.01691741776849197
0.06093864,-0.5724585062478112
0.06100192,-0.347180678871953
0.06106520000000001,0.4421360958498712
0.061128480000000006,0.32118799652399965
0.061191760000000005,-0.40307657640157507
0.061255040000000004,-0.23888102423800953
0.06131832,0.49742324242410435
0.0613816,0.3674103706886531
0.06144488000000001,-0.26230953375086646
0.061508160000000006,-0.005416391839873191
0.061571440000000005,0.7215813491737826
0.061634720000000004,0.6080680995776903
0.061698,0.13655917131326056
0.06176128,0.5012253178892114
0.06182456,1.0497934540623242
0.061887840000000006,0.5870720505100184
0.061951120000000005,-0.137955535633274
0.062014400000000004,0.05774967968278649
0.06207768,0.34898546254209356
0.06214096,-0.395625297314949
0.06220424,-1.1851259840385922
0.06226752000000001,-0.769600879485064
0.062330800000000006,-0.10011900661081718
0.062394080000000005,-0.41544162835922327
0.06245736,-0.82458035766682
